Fundamentals of Xerox WorkCentre 7845,The course is about information regarding Xerox series of printers All-in-One Laser Printers. You will take a final quiz at the end of the course. All training materials must be viewed in order to be counted for a passing grade.
Fundamentals of XEROX B215 MULTIFUNCTION PRINTER,The course is about information regarding Xerox series of printers All-in-One Laser Printers. You will take a final quiz at the end of the course. All training materials must be viewed in order to be counted for a passing grade.
Fundamentals of Xerox WORKCENTRE 6515 DNI,The course is about information regarding Xerox series of printers All-in-One Laser Printers. You will take a final quiz at the end of the course. All training materials must be viewed in order to be counted for a passing grade.
Fundamentals of Xerox WORKCENTRE 3335 DNI,The course is about information regarding Xerox series of printers All-in-One Laser Printers. You will take a final quiz at the end of the course. All training materials must be viewed in order to be counted for a passing grade.
Fundamentals of Xerox ALTALINK B8100 SERIES,The course is about information regarding Xerox series of printers All-in-One Laser Printers. You will take a final quiz at the end of the course. All training materials must be viewed in order to be counted for a passing grade.
Fundamentals of Xerox VERSALINK C7000 SERIES,The course is about information regarding Xerox series of printers All-in-One Laser Printers. You will take a final quiz at the end of the course. All training materials must be viewed in order to be counted for a passing grade.
Fundamentals of Xerox VERSALINK C405 DN,The course is about information regarding Xerox series of printers All-in-One Laser Printers. You will take a final quiz at the end of the course. All training materials must be viewed in order to be counted for a passing grade.
Fundamentals of Xerox VERSALINK B605/B615,The course is about information regarding Xerox series of printers All-in-One Laser Printers. You will take a final quiz at the end of the course. All training materials must be viewed in order to be counted for a passing grade.
Fundamentals of XEROX B230 PRINTER,The course is about information regarding Xerox series of printers Office Laser Printers. You will take a final quiz at the end of the course. All training materials must be viewed in order to be counted for a passing grade.
Fundamentals of XEROX C230 COLOR PRINTER,The course is about information regarding Xerox series of printers Office Laser Printers. You will take a final quiz at the end of the course. All training materials must be viewed in order to be counted for a passing grade.
Fundamentals of XEROX B205 MULTIFUNCTION PRINTER,The course is about information regarding Xerox series of printers Office Laser Printers. You will take a final quiz at the end of the course. All training materials must be viewed in order to be counted for a passing grade.
Fundamentals of WORKCENTRE 3335 DNI,The course is about information regarding Xerox series of printers Office Laser Printers. You will take a final quiz at the end of the course. All training materials must be viewed in order to be counted for a passing grade.
Fundamentals of XEROX ALTALINK C8100 SERIES,The course is about information regarding Xerox series of printers Office Laser Printers. You will take a final quiz at the end of the course. All training materials must be viewed in order to be counted for a passing grade.
Fundamentals of WORKCENTRE 6515 DN,The course is about information regarding Xerox series of printers Office Laser Printers. You will take a final quiz at the end of the course. All training materials must be viewed in order to be counted for a passing grade.
Fundamentals of Brother MFC-L8690CDW,The course is about information regarding Brother series of printers All-in-One Printers with Fax. You will take a final quiz at the end of the course. All training materials must be viewed in order to be counted for a passing grade.
Fundamentals of Brother MFC-J5730DW,The course is about information regarding Brother series of printers All-in-One Printers with Fax. You will take a final quiz at the end of the course. All training materials must be viewed in order to be counted for a passing grade.
Fundamentals of Brother MFC-J6530DW,The course is about information regarding Brother series of printers All-in-One Printers with Fax. You will take a final quiz at the end of the course. All training materials must be viewed in order to be counted for a passing grade.
Fundamentals of Brother MFC-J5330DW,The course is about information regarding Brother series of printers All-in-One Printers with Fax. You will take a final quiz at the end of the course. All training materials must be viewed in order to be counted for a passing grade.
Fundamentals of Brother MFC-J6930DW,The course is about information regarding Brother series of printers All-in-One Printers with Fax. You will take a final quiz at the end of the course. All training materials must be viewed in order to be counted for a passing grade.
Fundamentals of Brother MFC-J6945DW,The course is about information regarding Brother series of printers All-in-One Printers with Fax. You will take a final quiz at the end of the course. All training materials must be viewed in order to be counted for a passing grade.
Fundamentals of Brother MFC-J5945DW,The course is about information regarding Brother series of printers All-in-One Printers with Fax. You will take a final quiz at the end of the course. All training materials must be viewed in order to be counted for a passing grade.
Fundamentals of Brother MFC-J4340DW,The course is about information regarding Brother series of printers All-in-One Printers with Fax. You will take a final quiz at the end of the course. All training materials must be viewed in order to be counted for a passing grade.
Fundamentals of Brother MFC-J4540DW,The course is about information regarding Brother series of printers All-in-One Printers with Fax. You will take a final quiz at the end of the course. All training materials must be viewed in order to be counted for a passing grade.
Fundamentals of Brother MFC-J4540DWXL,The course is about information regarding Brother series of printers All-in-One Printers with Fax. You will take a final quiz at the end of the course. All training materials must be viewed in order to be counted for a passing grade.
Fundamentals of Brother MFC-L5700DN,The course is about information regarding Brother series of printers All-in-One Printers with Fax. You will take a final quiz at the end of the course. All training materials must be viewed in order to be counted for a passing grade.
Fundamentals of Brother MFC-L6900DW,The course is about information regarding Brother series of printers All-in-One Printers with Fax. You will take a final quiz at the end of the course. All training materials must be viewed in order to be counted for a passing grade.
Fundamentals of Brother MFC-L8900CDWMT,The course is about information regarding Brother series of printers All-in-One Printers with Fax. You will take a final quiz at the end of the course. All training materials must be viewed in order to be counted for a passing grade.
Fundamentals of Brother MFC-L8690CDW,The course is about information regarding Brother series of printers All-in-One Printers with Fax. You will take a final quiz at the end of the course. All training materials must be viewed in order to be counted for a passing grade.
Fundamentals of Brother MFC-L9570CDWT,The course is about information regarding Brother series of printers All-in-One Printers with Fax. You will take a final quiz at the end of the course. All training materials must be viewed in order to be counted for a passing grade.
Fundamentals of Brother MFC-L8900CDW,The course is about information regarding Brother series of printers All-in-One Printers with Fax. You will take a final quiz at the end of the course. All training materials must be viewed in order to be counted for a passing grade.
Fundamentals of Brother MFC-J6930DW,The course is about information regarding Brother series of Business inkjet printers . You will take a final quiz at the end of the course. All training materials must be viewed in order to be counted for a passing grade.
Fundamentals of Brother MFC-J5330DW,The course is about information regarding Brother series of Business inkjet printers . You will take a final quiz at the end of the course. All training materials must be viewed in order to be counted for a passing grade.
Fundamentals of Brother MFC-J5730DW ,The course is about information regarding Brother series of Business inkjet printers . You will take a final quiz at the end of the course. All training materials must be viewed in order to be counted for a passing grade.
Fundamentals of Brother HL-J6000DW,The course is about information regarding Brother series of Business inkjet printers . You will take a final quiz at the end of the course. All training materials must be viewed in order to be counted for a passing grade.
Fundamentals of Brother HL-J6100DW,The course is about information regarding Brother series of Business inkjet printers . You will take a final quiz at the end of the course. All training materials must be viewed in order to be counted for a passing grade.
Fundamentals of Brother MFC-J6945DW,The course is about information regarding Brother series of Business inkjet printers . You will take a final quiz at the end of the course. All training materials must be viewed in order to be counted for a passing grade.
Fundamentals of Brother MFC-J5945DW,The course is about information regarding Brother series of Business inkjet printers . You will take a final quiz at the end of the course. All training materials must be viewed in order to be counted for a passing grade.
Fundamentals of Brother MFC-J4340DW,The course is about information regarding Brother series of Business inkjet printers . You will take a final quiz at the end of the course. All training materials must be viewed in order to be counted for a passing grade.
Fundamentals of Brother RJ-2150,"The course is about information regarding Brother series of Portable printers . You will take a final quiz at the end of the course. All training materials must be viewed in order to be counted for a passing grade. Learn the Rugged mobile printer with LCD display for printing 58mm width receipts and 55mm width labels. Bluetooth, Wi-Fi and USB connectivity. Android, iOS and Windows compatible."
Fundamentals of Brother RJ-3035B Mobile Receipt Printer,"Learn the specifications about the 3"" mobile printer weighing only 375g and printing receipts up to 80mm media width connectivity."
Fundamentals of Brother RJ-4030,Learn the specifications about the Rugged 4 inch portable printer with Bluetooth.
Fundamentals of Brother Brother RJ-2035B Mobile Receipt Printer,"Learn the specifications about the 2"" mobile printer weighing only 215g and printing receipts up to 58mm media width"
Fundamentals of Brother PJ-763,Learn the specifications about the Compact High-Resolution A4 Mobile Printer with Bluetooth. connectivity.
Fundamentals of Brother RJ-4230B ,Learn the specifications about the Rugged 4 inch mobile label/receipt printer with USB and Bluetooth connectivity.
